Algorithm,Silhouette_Score
KMeans,0.04356094601824644
Hierarchical,0.02929784231912097
DBSCAN,-0.05589992707868472
MiniBatchKMeans,0.03769306726167148
